{
     "ace": {"name": "Achinese", "script": "Latin", "direction": "ltr", "native": "Aceh", "regional": ""},
     "af": {"name": "Afrikaans", "script": "Latin", "direction": "ltr", "native": "Afrikaans", "regional": "af_ZA"},
     "agq": {"name": "Aghem", "script": "Latin", "direction": "ltr", "native": "Aghem", "regional": ""},
     "ak": {"name": "Akan", "script": "Latin", "direction": "ltr", "native": "Akan", "regional": "ak_GH"},
     "an": {"name": "Aragonese", "script": "Latin", "direction": "ltr", "native": "aragonés", "regional": "an_ES"},
     "cch": {"name": "Atsam", "script": "Latin", "direction": "ltr", "native": "Atsam", "regional": ""},
     "gn": {"name": "Guaraní", "script": "Latin", "direction": "ltr", "native": "Avañe’ẽ", "regional": ""},
     "ae": {"name": "Avestan", "script": "Latin", "direction": "ltr", "native": "avesta", "regional": ""},
     "ay": {"name": "Aymara", "script": "Latin", "direction": "ltr", "native": "aymar aru", "regional": "ay_PE"},
     "az": {"name": "Azerbaijani (Latin)", "script": "Latin", "direction": "ltr", "native": "azərbaycanca", "regional": "az_AZ"},
     "id": {"name": "Indonesian", "script": "Latin", "direction": "ltr", "native": "Bahasa Indonesia", "regional": "id_ID"},
     "ms": {"name": "Malay", "script": "Latin", "direction": "ltr", "native": "Bahasa Melayu", "regional": "ms_MY"},
     "bm": {"name": "Bambara", "script": "Latin", "direction": "ltr", "native": "bamanakan", "regional": ""},
     "jv": {"name": "Javanese (Latin)", "script": "Latin", "direction": "ltr", "native": "Basa Jawa", "regional": ""},
     "su": {"name": "Sundanese", "script": "Latin", "direction": "ltr", "native": "Basa Sunda", "regional": ""},
     "bh": {"name": "Bihari", "script": "Latin", "direction": "ltr", "native": "Bihari", "regional": ""},
     "bi": {"name": "Bislama", "script": "Latin", "direction": "ltr", "native": "Bislama", "regional": ""},
     "nb": {"name": "Norwegian Bokmål", "script": "Latin", "direction": "ltr", "native": "Bokmål", "regional": "nb_NO"},
     "bs": {"name": "Bosnian", "script": "Latin", "direction": "ltr", "native": "bosanski", "regional": "bs_BA"},
     "br": {"name": "Breton", "script": "Latin", "direction": "ltr", "native": "brezhoneg", "regional": "br_FR"},
     "ca": {"name": "Catalan", "script": "Latin", "direction": "ltr", "native": "català", "regional": "ca_ES"},
     "ch": {"name": "Chamorro", "script": "Latin", "direction": "ltr", "native": "Chamoru", "regional": ""},
     "ny": {"name": "Chewa", "script": "Latin", "direction": "ltr", "native": "chiCheŵa", "regional": ""},
     "kde": {"name": "Makonde", "script": "Latin", "direction": "ltr", "native": "Chimakonde", "regional": ""},
     "sn": {"name": "Shona", "script": "Latin", "direction": "ltr", "native": "chiShona", "regional": ""},
     "co": {"name": "Corsican", "script": "Latin", "direction": "ltr", "native": "corsu", "regional": ""},
     "cy": {"name": "Welsh", "script": "Latin", "direction": "ltr", "native": "Cymraeg", "regional": "cy_GB"},
     "da": {"name": "Danish", "script": "Latin", "direction": "ltr", "native": "dansk", "regional": "da_DK"},
     "se": {"name": "Northern Sami", "script": "Latin", "direction": "ltr", "native": "davvisámegiella", "regional": "se_NO"},
     "de": {"name": "German", "script": "Latin", "direction": "ltr", "native": "Deutsch", "regional": "de_DE"},
     "luo": {"name": "Luo", "script": "Latin", "direction": "ltr", "native": "Dholuo", "regional": ""},
     "nv": {"name": "Navajo", "script": "Latin", "direction": "ltr", "native": "Diné bizaad", "regional": ""},
     "dua": {"name": "Duala", "script": "Latin", "direction": "ltr", "native": "duálá", "regional": ""},
     "et": {"name": "Estonian", "script": "Latin", "direction": "ltr", "native": "eesti", "regional": "et_EE"},
     "na": {"name": "Nauru", "script": "Latin", "direction": "ltr", "native": "Ekakairũ Naoero", "regional": ""},
     "guz": {"name": "Ekegusii", "script": "Latin", "direction": "ltr", "native": "Ekegusii", "regional": ""},
     "en": {"name": "English", "script": "Latin", "direction": "ltr", "native": "English", "regional": "en_GB"},
     "en-AU": {"name": "Australian English", "script": "Latin", "direction": "ltr", "native": "Australian English", "regional": "en_AU"},
     "en-GB": {"name": "British English", "script": "Latin", "direction": "ltr", "native": "British English", "regional": "en_GB"},
     "en-CA": {"name": "Canadian English", "script": "Latin", "direction": "ltr", "native": "Canadian English", "regional": "en_CA"},
     "en-US": {"name": "U.S. English", "script": "Latin", "direction": "ltr", "native": "U.S. English", "regional": "en_US"},
     "es": {"name": "Spanish", "script": "Latin", "direction": "ltr", "native": "español", "regional": "es_ES"},
     "eo": {"name": "Esperanto", "script": "Latin", "direction": "ltr", "native": "esperanto", "regional": ""},
     "eu": {"name": "Basque", "script": "Latin", "direction": "ltr", "native": "euskara", "regional": "eu_ES"},
     "ewo": {"name": "Ewondo", "script": "Latin", "direction": "ltr", "native": "ewondo", "regional": ""},
     "ee": {"name": "Ewe", "script": "Latin", "direction": "ltr", "native": "eʋegbe", "regional": ""},
     "fil": {"name": "Filipino", "script": "Latin", "direction": "ltr", "native": "Filipino", "regional": "fil_PH"},
     "fr": {"name": "French", "script": "Latin", "direction": "ltr", "native": "français", "regional": "fr_FR"},
     "fr-CA": {"name": "Canadian French", "script": "Latin", "direction": "ltr", "native": "français canadien", "regional": "fr_CA"},
     "fy": {"name": "Western Frisian", "script": "Latin", "direction": "ltr", "native": "frysk", "regional": "fy_DE"},
     "fur": {"name": "Friulian", "script": "Latin", "direction": "ltr", "native": "furlan", "regional": "fur_IT"},
     "fo": {"name": "Faroese", "script": "Latin", "direction": "ltr", "native": "føroyskt", "regional": "fo_FO"},
     "gaa": {"name": "Ga", "script": "Latin", "direction": "ltr", "native": "Ga", "regional": ""},
     "ga": {"name": "Irish", "script": "Latin", "direction": "ltr", "native": "Gaeilge", "regional": "ga_IE"},
     "gv": {"name": "Manx", "script": "Latin", "direction": "ltr", "native": "Gaelg", "regional": "gv_GB"},
     "sm": {"name": "Samoan", "script": "Latin", "direction": "ltr", "native": "Gagana fa’a Sāmoa", "regional": ""},
     "gl": {"name": "Galician", "script": "Latin", "direction": "ltr", "native": "galego", "regional": "gl_ES"},
     "ki": {"name": "Kikuyu", "script": "Latin", "direction": "ltr", "native": "Gikuyu", "regional": ""},
     "gd": {"name": "Scottish Gaelic", "script": "Latin", "direction": "ltr", "native": "Gàidhlig", "regional": "gd_GB"},
     "ha": {"name": "Hausa", "script": "Latin", "direction": "ltr", "native": "Hausa", "regional": "ha_NG"},
     "bez": {"name": "Bena", "script": "Latin", "direction": "ltr", "native": "Hibena", "regional": ""},
     "ho": {"name": "Hiri Motu", "script": "Latin", "direction": "ltr", "native": "Hiri Motu", "regional": ""},
     "hr": {"name": "Croatian", "script": "Latin", "direction": "ltr", "native": "hrvatski", "regional": "hr_HR"},
     "bem": {"name": "Bemba", "script": "Latin", "direction": "ltr", "native": "Ichibemba", "regional": "bem_ZM"},
     "io": {"name": "Ido", "script": "Latin", "direction": "ltr", "native": "Ido", "regional": ""},
     "ig": {"name": "Igbo", "script": "Latin", "direction": "ltr", "native": "Igbo", "regional": "ig_NG"},
     "rn": {"name": "Rundi", "script": "Latin", "direction": "ltr", "native": "Ikirundi", "regional": ""},
     "ia": {"name": "Interlingua", "script": "Latin", "direction": "ltr", "native": "interlingua", "regional": "ia_FR"},
     "iu-Latin": {"name": "Inuktitut (Latin)", "script": "Latin", "direction": "ltr", "native": "Inuktitut", "regional": "iu_CA"},
     "sbp": {"name": "Sileibi", "script": "Latin", "direction": "ltr", "native": "Ishisangu", "regional": ""},
     "nd": {"name": "North Ndebele", "script": "Latin", "direction": "ltr", "native": "isiNdebele", "regional": ""},
     "nr": {"name": "South Ndebele", "script": "Latin", "direction": "ltr", "native": "isiNdebele", "regional": "nr_ZA"},
     "xh": {"name": "Xhosa", "script": "Latin", "direction": "ltr", "native": "isiXhosa", "regional": "xh_ZA"},
     "zu": {"name": "Zulu", "script": "Latin", "direction": "ltr", "native": "isiZulu", "regional": "zu_ZA"},
     "it": {"name": "Italian", "script": "Latin", "direction": "ltr", "native": "italiano", "regional": "it_IT"},
     "ik": {"name": "Inupiaq", "script": "Latin", "direction": "ltr", "native": "Iñupiaq", "regional": "ik_CA"},
     "dyo": {"name": "Jola-Fonyi", "script": "Latin", "direction": "ltr", "native": "joola", "regional": ""},
     "kea": {"name": "Kabuverdianu", "script": "Latin", "direction": "ltr", "native": "kabuverdianu", "regional": ""},
     "kaj": {"name": "Jju", "script": "Latin", "direction": "ltr", "native": "Kaje", "regional": ""},
     "mh": {"name": "Marshallese", "script": "Latin", "direction": "ltr", "native": "Kajin M̧ajeļ", "regional": "mh_MH"},
     "kl": {"name": "Kalaallisut", "script": "Latin", "direction": "ltr", "native": "kalaallisut", "regional": "kl_GL"},
     "kln": {"name": "Kalenjin", "script": "Latin", "direction": "ltr", "native": "Kalenjin", "regional": ""},
     "kr": {"name": "Kanuri", "script": "Latin", "direction": "ltr", "native": "Kanuri", "regional": ""},
     "kcg": {"name": "Tyap", "script": "Latin", "direction": "ltr", "native": "Katab", "regional": ""},
     "kw": {"name": "Cornish", "script": "Latin", "direction": "ltr", "native": "kernewek", "regional": "kw_GB"},
     "naq": {"name": "Nama", "script": "Latin", "direction": "ltr", "native": "Khoekhoegowab", "regional": ""},
     "rof": {"name": "Rombo", "script": "Latin", "direction": "ltr", "native": "Kihorombo", "regional": ""},
     "kam": {"name": "Kamba", "script": "Latin", "direction": "ltr", "native": "Kikamba", "regional": ""},
     "kg": {"name": "Kongo", "script": "Latin", "direction": "ltr", "native": "Kikongo", "regional": ""},
     "jmc": {"name": "Machame", "script": "Latin", "direction": "ltr", "native": "Kimachame", "regional": ""},
     "rw": {"name": "Kinyarwanda", "script": "Latin", "direction": "ltr", "native": "Kinyarwanda", "regional": "rw_RW"},
     "asa": {"name": "Kipare", "script": "Latin", "direction": "ltr", "native": "Kipare", "regional": ""},
     "rwk": {"name": "Rwa", "script": "Latin", "direction": "ltr", "native": "Kiruwa", "regional": ""},
     "saq": {"name": "Samburu", "script": "Latin", "direction": "ltr", "native": "Kisampur", "regional": ""},
     "ksb": {"name": "Shambala", "script": "Latin", "direction": "ltr", "native": "Kishambaa", "regional": ""},
     "swc": {"name": "Congo Swahili", "script": "Latin", "direction": "ltr", "native": "Kiswahili ya Kongo", "regional": ""},
     "sw": {"name": "Swahili", "script": "Latin", "direction": "ltr", "native": "Kiswahili", "regional": "sw_KE"},
     "dav": {"name": "Dawida", "script": "Latin", "direction": "ltr", "native": "Kitaita", "regional": ""},
     "teo": {"name": "Teso", "script": "Latin", "direction": "ltr", "native": "Kiteso", "regional": ""},
     "khq": {"name": "Koyra Chiini", "script": "Latin", "direction": "ltr", "native": "Koyra ciini", "regional": ""},
     "ses": {"name": "Songhay", "script": "Latin", "direction": "ltr", "native": "Koyraboro senni", "regional": ""},
     "mfe": {"name": "Morisyen", "script": "Latin", "direction": "ltr", "native": "kreol morisien", "regional": ""},
     "ht": {"name": "Haitian", "script": "Latin", "direction": "ltr", "native": "Kreyòl ayisyen", "regional": "ht_HT"},
     "kj": {"name": "Kuanyama", "script": "Latin", "direction": "ltr", "native": "Kwanyama", "regional": ""},
     "ksh": {"name": "Kölsch", "script": "Latin", "direction": "ltr", "native": "Kölsch", "regional": ""},
     "ebu": {"name": "Kiembu", "script": "Latin", "direction": "ltr", "native": "Kĩembu", "regional": ""},
     "mer": {"name": "Kimîîru", "script": "Latin", "direction": "ltr", "native": "Kĩmĩrũ", "regional": ""},
     "lag": {"name": "Langi", "script": "Latin", "direction": "ltr", "native": "Kɨlaangi", "regional": ""},
     "lah": {"name": "Lahnda", "script": "Latin", "direction": "ltr", "native": "Lahnda", "regional": ""},
     "la": {"name": "Latin", "script": "Latin", "direction": "ltr", "native": "latine", "regional": ""},
     "lv": {"name": "Latvian", "script": "Latin", "direction": "ltr", "native": "latviešu", "regional": "lv_LV"},
     "to": {"name": "Tongan", "script": "Latin", "direction": "ltr", "native": "lea fakatonga", "regional": ""},
     "lt": {"name": "Lithuanian", "script": "Latin", "direction": "ltr", "native": "lietuvių", "regional": "lt_LT"},
     "li": {"name": "Limburgish", "script": "Latin", "direction": "ltr", "native": "Limburgs", "regional": "li_BE"},
     "ln": {"name": "Lingala", "script": "Latin", "direction": "ltr", "native": "lingála", "regional": ""},
     "lg": {"name": "Ganda", "script": "Latin", "direction": "ltr", "native": "Luganda", "regional": "lg_UG"},
     "luy": {"name": "Oluluyia", "script": "Latin", "direction": "ltr", "native": "Luluhia", "regional": ""},
     "lb": {"name": "Luxembourgish", "script": "Latin", "direction": "ltr", "native": "Lëtzebuergesch", "regional": "lb_LU"},
     "hu": {"name": "Hungarian", "script": "Latin", "direction": "ltr", "native": "magyar", "regional": "hu_HU"},
     "mgh": {"name": "Makhuwa-Meetto", "script": "Latin", "direction": "ltr", "native": "Makua", "regional": ""},
     "mg": {"name": "Malagasy", "script": "Latin", "direction": "ltr", "native": "Malagasy", "regional": "mg_MG"},
     "mt": {"name": "Maltese", "script": "Latin", "direction": "ltr", "native": "Malti", "regional": "mt_MT"},
     "mtr": {"name": "Mewari", "script": "Latin", "direction": "ltr", "native": "Mewari", "regional": ""},
     "mua": {"name": "Mundang", "script": "Latin", "direction": "ltr", "native": "Mundang", "regional": ""},
     "mi": {"name": "Māori", "script": "Latin", "direction": "ltr", "native": "Māori", "regional": "mi_NZ"},
     "nl": {"name": "Dutch", "script": "Latin", "direction": "ltr", "native": "Nederlands", "regional": "nl_NL"},
     "nmg": {"name": "Kwasio", "script": "Latin", "direction": "ltr", "native": "ngumba", "regional": ""},
     "yav": {"name": "Yangben", "script": "Latin", "direction": "ltr", "native": "nuasue", "regional": ""},
     "nn": {"name": "Norwegian Nynorsk", "script": "Latin", "direction": "ltr", "native": "nynorsk", "regional": "nn_NO"},
     "oc": {"name": "Occitan", "script": "Latin", "direction": "ltr", "native": "occitan", "regional": "oc_FR"},
     "ang": {"name": "Old English", "script": "Runic", "direction": "ltr", "native": "Old English", "regional": ""},
     "xog": {"name": "Soga", "script": "Latin", "direction": "ltr", "native": "Olusoga", "regional": ""},
     "om": {"name": "Oromo", "script": "Latin", "direction": "ltr", "native": "Oromoo", "regional": "om_ET"},
     "ng": {"name": "Ndonga", "script": "Latin", "direction": "ltr", "native": "OshiNdonga", "regional": ""},
     "hz": {"name": "Herero", "script": "Latin", "direction": "ltr", "native": "Otjiherero", "regional": ""},
     "uz-Latin": {"name": "Uzbek (Latin)", "script": "Latin", "direction": "ltr", "native": "oʼzbekcha", "regional": "uz_UZ"},
     "nds": {"name": "Low German", "script": "Latin", "direction": "ltr", "native": "Plattdüütsch", "regional": "nds_DE"},
     "pl": {"name": "Polish", "script": "Latin", "direction": "ltr", "native": "polski", "regional": "pl_PL"},
     "pt": {"name": "Portuguese", "script": "Latin", "direction": "ltr", "native": "português", "regional": "pt_PT"},
     "pt-BR": {"name": "Brazilian Portuguese", "script": "Latin", "direction": "ltr", "native": "português do Brasil", "regional": "pt_BR"},
     "ff": {"name": "Fulah", "script": "Latin", "direction": "ltr", "native": "Pulaar", "regional": "ff_SN"},
     "pi": {"name": "Pahari-Potwari", "script": "Latin", "direction": "ltr", "native": "Pāli", "regional": ""},
     "aa": {"name": "Afar", "script": "Latin", "direction": "ltr", "native": "Qafar", "regional": "aa_ER"},
     "ty": {"name": "Tahitian", "script": "Latin", "direction": "ltr", "native": "Reo Māohi", "regional": ""},
     "ksf": {"name": "Bafia", "script": "Latin", "direction": "ltr", "native": "rikpa", "regional": ""},
     "ro": {"name": "Romanian", "script": "Latin", "direction": "ltr", "native": "română", "regional": "ro_RO"},
     "cgg": {"name": "Chiga", "script": "Latin", "direction": "ltr", "native": "Rukiga", "regional": ""},
     "rm": {"name": "Romansh", "script": "Latin", "direction": "ltr", "native": "rumantsch", "regional": ""},
     "qu": {"name": "Quechua", "script": "Latin", "direction": "ltr", "native": "Runa Simi", "regional": ""},
     "nyn": {"name": "Nyankole", "script": "Latin", "direction": "ltr", "native": "Runyankore", "regional": ""},
     "ssy": {"name": "Saho", "script": "Latin", "direction": "ltr", "native": "Saho", "regional": ""},
     "sc": {"name": "Sardinian", "script": "Latin", "direction": "ltr", "native": "sardu", "regional": "sc_IT"},
     "de-CH": {"name": "Swiss High German", "script": "Latin", "direction": "ltr", "native": "Schweizer Hochdeutsch", "regional": "de_CH"},
     "gsw": {"name": "Swiss German", "script": "Latin", "direction": "ltr", "native": "Schwiizertüütsch", "regional": ""},
     "trv": {"name": "Taroko", "script": "Latin", "direction": "ltr", "native": "Seediq", "regional": ""},
     "seh": {"name": "Sena", "script": "Latin", "direction": "ltr", "native": "sena", "regional": ""},
     "nso": {"name": "Northern Sotho", "script": "Latin", "direction": "ltr", "native": "Sesotho sa Leboa", "regional": "nso_ZA"},
     "st": {"name": "Southern Sotho", "script": "Latin", "direction": "ltr", "native": "Sesotho", "regional": "st_ZA"},
     "tn": {"name": "Tswana", "script": "Latin", "direction": "ltr", "native": "Setswana", "regional": "tn_ZA"},
     "sq": {"name": "Albanian", "script": "Latin", "direction": "ltr", "native": "shqip", "regional": "sq_AL"},
     "sid": {"name": "Sidamo", "script": "Latin", "direction": "ltr", "native": "Sidaamu Afo", "regional": "sid_ET"},
     "ss": {"name": "Swati", "script": "Latin", "direction": "ltr", "native": "Siswati", "regional": "ss_ZA"},
     "sk": {"name": "Slovak", "script": "Latin", "direction": "ltr", "native": "slovenčina", "regional": "sk_SK"},
     "sl": {"name": "Slovene", "script": "Latin", "direction": "ltr", "native": "slovenščina", "regional": "sl_SI"},
     "so": {"name": "Somali", "script": "Latin", "direction": "ltr", "native": "Soomaali", "regional": "so_SO"},
     "sr-Latin": {"name": "Serbian (Latin)", "script": "Latin", "direction": "ltr", "native": "Srpski", "regional": "sr_RS"},
     "sh": {"name": "Serbo-Croatian", "script": "Latin", "direction": "ltr", "native": "srpskohrvatski", "regional": ""},
     "fi": {"name": "Finnish", "script": "Latin", "direction": "ltr", "native": "suomi", "regional": "fi_FI"},
     "sv": {"name": "Swedish", "script": "Latin", "direction": "ltr", "native": "svenska", "regional": "sv_SE"},
     "sg": {"name": "Sango", "script": "Latin", "direction": "ltr", "native": "Sängö", "regional": ""},
     "tl": {"name": "Tagalog", "script": "Latin", "direction": "ltr", "native": "Tagalog", "regional": "tl_PH"},
     "tzm-Latin": {"name": "Central Atlas Tamazight (Latin)", "script": "Latin", "direction": "ltr", "native": "Tamazight", "regional": ""},
     "kab": {"name": "Kabyle", "script": "Latin", "direction": "ltr", "native": "Taqbaylit", "regional": "kab_DZ"},
     "twq": {"name": "Tasawaq", "script": "Latin", "direction": "ltr", "native": "Tasawaq senni", "regional": ""},
     "shi": {"name": "Tachelhit (Latin)", "script": "Latin", "direction": "ltr", "native": "Tashelhit", "regional": ""},
     "nus": {"name": "Nuer", "script": "Latin", "direction": "ltr", "native": "Thok Nath", "regional": ""},
     "vi": {"name": "Vietnamese", "script": "Latin", "direction": "ltr", "native": "Tiếng Việt", "regional": "vi_VN"},
     "tg-Latin": {"name": "Tajik (Latin)", "script": "Latin", "direction": "ltr", "native": "tojikī", "regional": "tg_TJ"},
     "lu": {"name": "Luba-Katanga", "script": "Latin", "direction": "ltr", "native": "Tshiluba", "regional": "ve_ZA"},
     "ve": {"name": "Venda", "script": "Latin", "direction": "ltr", "native": "Tshivenḓa", "regional": ""},
     "tw": {"name": "Twi", "script": "Latin", "direction": "ltr", "native": "Twi", "regional": ""},
     "tr": {"name": "Turkish", "script": "Latin", "direction": "ltr", "native": "Türkçe", "regional": "tr_TR"},
     "ale": {"name": "Aleut", "script": "Latin", "direction": "ltr", "native": "Unangax tunuu", "regional": ""},
     "ca-valencia": {"name": "Valencian", "script": "Latin", "direction": "ltr", "native": "valencià", "regional": ""},
     "vai-Latin": {"name": "Vai (Latin)", "script": "Latin", "direction": "ltr", "native": "Viyamíĩ", "regional": ""},
     "vo": {"name": "Volapük", "script": "Latin", "direction": "ltr", "native": "Volapük", "regional": ""},
     "fj": {"name": "Fijian", "script": "Latin", "direction": "ltr", "native": "vosa Vakaviti", "regional": ""},
     "wa": {"name": "Walloon", "script": "Latin", "direction": "ltr", "native": "Walon", "regional": "wa_BE"},
     "wae": {"name": "Walser", "script": "Latin", "direction": "ltr", "native": "Walser", "regional": "wae_CH"},
     "wen": {"name": "Sorbian", "script": "Latin", "direction": "ltr", "native": "Wendic", "regional": ""},
     "wo": {"name": "Wolof", "script": "Latin", "direction": "ltr", "native": "Wolof", "regional": "wo_SN"},
     "ts": {"name": "Tsonga", "script": "Latin", "direction": "ltr", "native": "Xitsonga", "regional": "ts_ZA"},
     "dje": {"name": "Zarma", "script": "Latin", "direction": "ltr", "native": "Zarmaciine", "regional": ""},
     "yo": {"name": "Yoruba", "script": "Latin", "direction": "ltr", "native": "Èdè Yorùbá", "regional": "yo_NG"},
     "de-AT": {"name": "Austrian German", "script": "Latin", "direction": "ltr", "native": "Österreichisches Deutsch", "regional": "de_AT"},
     "is": {"name": "Icelandic", "script": "Latin", "direction": "ltr", "native": "íslenska", "regional": "is_IS"},
     "cs": {"name": "Czech", "script": "Latin", "direction": "ltr", "native": "čeština", "regional": "cs_CZ"},
     "bas": {"name": "Basa", "script": "Latin", "direction": "ltr", "native": "Ɓàsàa", "regional": ""},
     "mas": {"name": "Masai", "script": "Latin", "direction": "ltr", "native": "ɔl-Maa", "regional": ""},
     "haw": {"name": "Hawaiian", "script": "Latin", "direction": "ltr", "native": "ʻŌlelo Hawaiʻi", "regional": ""},
     "el": {"name": "Greek", "script": "Grek", "direction": "ltr", "native": "Ελληνικά", "regional": "el_GR"},
     "uz": {"name": "Uzbek (Cyrillic)", "script": "Cyrillic", "direction": "ltr", "native": "Ўзбек", "regional": "uz_UZ"},
     "az-Cyrillic": {"name": "Azerbaijani (Cyrillic)", "script": "Cyrillic", "direction": "ltr", "native": "Азәрбајҹан", "regional": "uz_UZ"},
     "ab": {"name": "Abkhazian", "script": "Cyrillic", "direction": "ltr", "native": "Аҧсуа", "regional": ""},
     "os": {"name": "Ossetic", "script": "Cyrillic", "direction": "ltr", "native": "Ирон", "regional": "os_RU"},
     "ky": {"name": "Kyrgyz", "script": "Cyrillic", "direction": "ltr", "native": "Кыргыз", "regional": "ky_KG"},
     "sr": {"name": "Serbian (Cyrillic)", "script": "Cyrillic", "direction": "ltr", "native": "Српски", "regional": "sr_RS"},
     "av": {"name": "Avaric", "script": "Cyrillic", "direction": "ltr", "native": "авар мацӀ", "regional": ""},
     "ady": {"name": "Adyghe", "script": "Cyrillic", "direction": "ltr", "native": "адыгэбзэ", "regional": ""},
     "ba": {"name": "Bashkir", "script": "Cyrillic", "direction": "ltr", "native": "башҡорт теле", "regional": ""},
     "be": {"name": "Belarusian", "script": "Cyrillic", "direction": "ltr", "native": "беларуская", "regional": "be_BY"},
     "bg": {"name": "Bulgarian", "script": "Cyrillic", "direction": "ltr", "native": "български", "regional": "bg_BG"},
     "kv": {"name": "Komi", "script": "Cyrillic", "direction": "ltr", "native": "коми кыв", "regional": ""},
     "mk": {"name": "Macedonian", "script": "Cyrillic", "direction": "ltr", "native": "македонски", "regional": "mk_MK"},
     "mn": {"name": "Mongolian (Cyrillic)", "script": "Cyrillic", "direction": "ltr", "native": "монгол", "regional": "mn_MN"},
     "ce": {"name": "Chechen", "script": "Cyrillic", "direction": "ltr", "native": "нохчийн мотт", "regional": "ce_RU"},
     "ru": {"name": "Russian", "script": "Cyrillic", "direction": "ltr", "native": "русский", "regional": "ru_RU"},
     "sah": {"name": "Yakut", "script": "Cyrillic", "direction": "ltr", "native": "саха тыла", "regional": ""},
     "tt": {"name": "Tatar", "script": "Cyrillic", "direction": "ltr", "native": "татар теле", "regional": "tt_RU"},
     "tg": {"name": "Tajik (Cyrillic)", "script": "Cyrillic", "direction": "ltr", "native": "тоҷикӣ", "regional": "tg_TJ"},
     "tk": {"name": "Turkmen", "script": "Cyrillic", "direction": "ltr", "native": "түркменче", "regional": "tk_TM"},
     "uk": {"name": "Ukrainian", "script": "Cyrillic", "direction": "ltr", "native": "українська", "regional": "uk_UA"},
     "cv": {"name": "Chuvash", "script": "Cyrillic", "direction": "ltr", "native": "чӑваш чӗлхи", "regional": "cv_RU"},
     "cu": {"name": "Church Slavic", "script": "Cyrillic", "direction": "ltr", "native": "ѩзыкъ словѣньскъ", "regional": ""},
     "kk": {"name": "Kazakh", "script": "Cyrillic", "direction": "ltr", "native": "қазақ тілі", "regional": "kk_KZ"},
     "hy": {"name": "Armenian", "script": "Armn", "direction": "ltr", "native": "Հայերեն", "regional": "hy_AM"},
     "yi": {"name": "Yiddish", "script": "Hebrew", "direction": "rtl", "native": "ייִדיש", "regional": "yi_US"},
     "he": {"name": "Hebrewew", "script": "Hebrew", "direction": "rtl", "native": "עברית", "regional": "he_IL"},
     "ug": {"name": "Uyghur", "script": "Arab", "direction": "rtl", "native": "ئۇيغۇرچە", "regional": "ug_CN"},
     "ur": {"name": "Urdu", "script": "Arab", "direction": "rtl", "native": "اردو", "regional": "ur_PK"},
     "ar": {"name": "Arabic", "script": "Arab", "direction": "rtl", "native": "العربية", "regional": "ar_AE"},
     "uz-Arab": {"name": "Uzbek (Arabic)", "script": "Arab", "direction": "rtl", "native": "اۉزبېک", "regional": ""},
     "tg-Arab": {"name": "Tajik (Arabic)", "script": "Arab", "direction": "rtl", "native": "تاجیکی", "regional": "tg_TJ"},
     "sd": {"name": "Sindhi", "script": "Arab", "direction": "rtl", "native": "سنڌي", "regional": "sd_IN"},
     "fa": {"name": "Persian", "script": "Arab", "direction": "rtl", "native": "فارسی", "regional": "fa_IR"},
     "pa-Arab": {"name": "Punjabi (Arabic)", "script": "Arab", "direction": "rtl", "native": "پنجاب", "regional": "pa_IN"},
     "ps": {"name": "Pashto", "script": "Arab", "direction": "rtl", "native": "پښتو", "regional": "ps_AF"},
     "ks": {"name": "Kashmiri (Arabic)", "script": "Arab", "direction": "rtl", "native": "کأشُر", "regional": "ks_IN"},
     "ku": {"name": "Kurdish", "script": "Arab", "direction": "rtl", "native": "کوردی", "regional": "ku_TR"},
     "dv": {"name": "Divehi", "script": "Thaa", "native": "ދިވެހިބަސް", "regional": "dv_MV"},
     "ks-Deva": {"name": "Kashmiri (Devaganari)", "script": "Deva", "direction": "ltr", "native": "कॉशुर", "regional": "ks_IN"},
     "kok": {"name": "Konkani", "script": "Deva", "direction": "ltr", "native": "कोंकणी", "regional": "kok_IN"},
     "doi": {"name": "Dogri", "script": "Deva", "direction": "ltr", "native": "डोगरी", "regional": "doi_IN"},
     "ne": {"name": "Nepali", "script": "Deva", "direction": "ltr", "native": "नेपाली", "regional": ""},
     "pra": {"name": "Prakrit", "script": "Deva", "direction": "ltr", "native": "प्राकृत", "regional": ""},
     "brx": {"name": "Bodo", "script": "Deva", "direction": "ltr", "native": "बड़ो", "regional": "brx_IN"},
     "bra": {"name": "Braj", "script": "Deva", "direction": "ltr", "native": "ब्रज भाषा", "regional": ""},
     "mr": {"name": "Marathi", "script": "Deva", "direction": "ltr", "native": "मराठी", "regional": "mr_IN"},
     "mai": {"name": "Maithili", "script": "Tirhuta", "direction": "ltr", "native": "मैथिली", "regional": "mai_IN"},
     "raj": {"name": "Rajasthani", "script": "Deva", "direction": "ltr", "native": "राजस्थानी", "regional": ""},
     "sa": {"name": "Sanskrit", "script": "Deva", "direction": "ltr", "native": "संस्कृतम्", "regional": "sa_IN"},
     "hi": {"name": "Hindi", "script": "Deva", "direction": "ltr", "native": "हिन्दी", "regional": "hi_IN"},
     "as": {"name": "Assamese", "script": "Bengali", "direction": "ltr", "native": "অসমীয়া", "regional": "as_IN"},
     "bn": {"name": "Bengali", "script": "Bengali", "direction": "ltr", "native": "বাংলা", "regional": "bn_BD"},
     "mni": {"name": "Manipuri", "script": "Bengali", "direction": "ltr", "native": "মৈতৈ", "regional": "mni_IN"},
     "pa": {"name": "Punjabi (Gurmukhi)", "script": "Gurmukhi", "direction": "ltr", "native": "ਪੰਜਾਬੀ", "regional": "pa_IN"},
     "gu": {"name": "Gujarati", "script": "Gujarati", "direction": "ltr", "native": "ગુજરાતી", "regional": "gu_IN"},
     "or": {"name": "Oriya", "script": "Oriya", "direction": "ltr", "native": "ଓଡ଼ିଆ", "regional": "or_IN"},
     "ta": {"name": "Tamil", "script": "Tamil", "direction": "ltr", "native": "தமிழ்", "regional": "ta_IN"},
     "te": {"name": "Telugu", "script": "Telugu", "direction": "ltr", "native": "తెలుగు", "regional": "te_IN"},
     "kn": {"name": "Kannada", "script": "Kannada", "direction": "ltr", "native": "ಕನ್ನಡ", "regional": "kn_IN"},
     "ml": {"name": "Malayalam", "script": "Malayalam", "direction": "ltr", "native": "മലയാളം", "regional": "ml_IN"},
     "si": {"name": "Sinhala", "script": "Sinhala", "direction": "ltr", "native": "සිංහල", "regional": "si_LK"},
     "th": {"name": "Thai", "script": "Thai", "direction": "ltr", "native": "ไทย", "regional": "th_TH"},
     "lo": {"name": "Lao", "script": "Lao", "direction": "ltr", "native": "ລາວ", "regional": "lo_LA"},
     "bo": {"name": "Tibetan", "script": "Tibetan", "direction": "ltr", "native": "པོད་སྐད་", "regional": "bo_IN"},
     "dz": {"name": "Dzongkha", "script": "Tibetan", "direction": "ltr", "native": "རྫོང་ཁ", "regional": "dz_BT"},
     "my": {"name": "Burmese", "script": "Myanmar", "direction": "ltr", "native": "မြန်မာဘာသာ", "regional": "my_MM"},
     "ka": {"name": "Georgian", "script": "Georgian", "direction": "ltr", "native": "ქართული", "regional": "ka_GE"},
     "byn": {"name": "Blin", "script": "Ethiopic", "direction": "ltr", "native": "ብሊን", "regional": "byn_ER"},
     "tig": {"name": "Tigre", "script": "Ethiopic", "direction": "ltr", "native": "ትግረ", "regional": "tig_ER"},
     "ti": {"name": "Tigrinya", "script": "Ethiopic", "direction": "ltr", "native": "ትግርኛ", "regional": "ti_ET"},
     "am": {"name": "Amharic", "script": "Ethiopic", "direction": "ltr", "native": "አማርኛ", "regional": "am_ET"},
     "wal": {"name": "Wolaytta", "script": "Ethiopic", "direction": "ltr", "native": "ወላይታቱ", "regional": "wal_ET"},
     "chr": {"name": "Cherokee", "script": "Cherokee", "direction": "ltr", "native": "ᏣᎳᎩ", "regional": ""},
     "iu": {"name": "Inuktitut (Canadian Aboriginal Syllabics)", "script": "Cans", "direction": "ltr", "native": "ᐃᓄᒃᑎᑐᑦ", "regional": "iu_CA"},
     "oj": {"name": "Ojibwa", "script": "Cans", "direction": "ltr", "native": "ᐊᓂᔑᓈᐯᒧᐎᓐ", "regional": ""},
     "cr": {"name": "Cree", "script": "Cans", "direction": "ltr", "native": "ᓀᐦᐃᔭᐍᐏᐣ", "regional": ""},
     "km": {"name": "Khmer", "script": "Khmer", "direction": "ltr", "native": "ភាសាខ្មែរ", "regional": "km_KH"},
     "mn-Mong": {"name": "Mongolian (Mongolian)", "script": "Mongolian", "direction": "ltr", "native": "ᠮᠣᠨᠭᠭᠣᠯ ᠬᠡᠯᠡ", "regional": "mn_MN"},
     "shi-Tfng": {"name": "Tachelhit (Tifinagh)", "script": "Tifinagh", "direction": "ltr", "native": "ⵜⴰⵎⴰⵣⵉⵖⵜ", "regional": ""},
     "tzm": {"name": "Central Atlas Tamazight (Tifinagh)","script": "Tifinagh", "direction": "ltr", "native": "ⵜⴰⵎⴰⵣⵉⵖⵜ", "regional": ""},
     "yue": {"name": "Yue", "script": "Hant", "direction": "ltr", "native": "廣州話", "regional": "yue_HK"},
     "ja": {"name": "Japanese", "script": "Jpan", "direction": "ltr", "native": "日本語", "regional": "ja_JP"},
     "zh": {"name": "Chinese (Simplified)", "script": "Hans", "direction": "ltr", "native": "简体中文", "regional": "zh_CN"},
     "zh-Hant": {"name": "Chinese (Traditional)", "script": "Hant", "direction": "ltr", "native": "繁體中文", "regional": "zh_CN"},
     "ii": {"name": "Sichuan Yi", "script": "Yiii", "direction": "ltr", "native": "ꆈꌠꉙ", "regional": ""},
     "vai": {"name": "Vai (Vai)", "script": "Vaii", "direction": "ltr", "native": "ꕙꔤ", "regional": ""},
     "jv-Java": {"name": "Javanese (Javanese)", "script": "Java", "native": "ꦧꦱꦗꦮ", "regional": ""},
     "ko": {"name": "Korean", "script": "Hangul", "direction": "ltr", "native": "한국어", "regional": "ko_KR"}
 }
